iteration,seed,timestamp,Wn_um,Wp_um,Wp_Wn_ratio,frequency_ghz,average_power_mw,average_power_uw,period_ps,delay_ps,pdp_fj,objective_score,simulation_status,oscillation_status,runtime_sec
0,42,2026-10-08T16:30:24.089496+00:00,0.54,2.3,4.2593,61.674151,0.2112,211.2,16.2142,1.6214,0.342445,-0.002526,SUCCESS,VALID,2.349
1,42,2026-10-08T16:30:26.123490+00:00,0.92,1.56,1.6957,70.04434,0.238673,238.673,14.2767,1.4277,0.340745,0.001377,SUCCESS,VALID,2.032
2,42,2026-10-08T16:30:28.154380+00:00,0.31,0.63,2.0323,25.649088,0.087499,87.499,38.9877,3.8988,0.34114,0.000143,SUCCESS,VALID,2.027
3,42,2026-10-08T16:30:30.436196+00:00,0.21,2.12,10.0952,34.213779,0.115638,115.638,29.228,2.9228,0.337987,0.004039,SUCCESS,VALID,2.28
4,42,2026-10-08T16:30:32.834231+00:00,0.78,1.79,2.2949,68.16849,0.232807,232.807,14.6695,1.467,0.341517,-0.000536,SUCCESS,VALID,2.395
5,42,2026-10-08T16:30:35.160188+00:00,0.17,2.34,13.7647,31.427453,0.104789,104.789,31.8193,3.1819,0.333432,0.008816,SUCCESS,VALID,2.323
6,42,2026-10-08T16:30:37.479554+00:00,1.02,0.75,0.7353,51.456531,0.175184,175.184,19.4339,1.9434,0.34045,0.001553,SUCCESS,VALID,2.317
7,42,2026-10-08T16:30:40.631010+00:00,0.34,0.69,2.0294,28.113361,0.095817,95.817,35.5703,3.557,0.340824,0.000474,SUCCESS,VALID,3.148
8,42,2026-10-08T16:30:43.895237+00:00,0.47,1.4,2.9787,46.077469,0.157517,157.517,21.7026,2.1703,0.341852,-0.000913,SUCCESS,VALID,3.257
9,42,2026-10-08T16:30:46.199867+00:00,0.6,0.91,1.5167,43.355669,0.147595,147.595,23.065,2.3065,0.340428,0.001343,SUCCESS,VALID,2.303
0,123,2026-10-08T16:41:03.394175+00:00,0.87,0.98,1.1264,54.472038,0.185316,185.316,18.358,1.8358,0.340205,0.002121,SUCCESS,VALID,2.217
1,123,2026-10-08T16:41:05.424926+00:00,0.35,1.66,4.7429,41.816336,0.143056,143.056,23.9141,2.3914,0.342105,-0.001206,SUCCESS,VALID,2.03
2,123,2026-10-08T16:41:07.440850+00:00,0.89,1.33,1.4944,63.862673,0.217456,217.456,15.6586,1.5659,0.340505,0.001802,SUCCESS,VALID,2.013
3,123,2026-10-08T16:41:09.661016+00:00,1.18,2.0,1.6949,89.821171,0.306106,306.106,11.1332,1.1133,0.340795,0.001607,SUCCESS,VALID,2.217
4,123,2026-10-08T16:41:11.744899+00:00,0.63,1.25,1.9841,51.560533,0.175816,175.816,19.3947,1.9395,0.34099,0.000563,SUCCESS,VALID,2.081
5,123,2026-10-08T16:41:13.963771+00:00,0.48,2.11,4.3958,55.553202,0.190116,190.116,18.0008,1.8001,0.342224,-0.001838,SUCCESS,VALID,2.217
6,123,2026-10-08T16:41:17.037378+00:00,0.58,0.4,0.6897,28.295268,0.096358,96.358,35.3416,3.5342,0.340545,0.000758,SUCCESS,VALID,3.07
7,123,2026-10-08T16:41:19.202625+00:00,0.54,2.13,3.9444,59.708481,0.204471,204.471,16.748,1.6748,0.342448,-0.002453,SUCCESS,VALID,2.163
8,123,2026-10-08T16:41:21.329391+00:00,0.3,0.7,2.3333,26.414121,0.090242,90.242,37.8585,3.7859,0.341641,-0.000325,SUCCESS,VALID,2.123
9,123,2026-10-08T16:41:23.406219+00:00,0.68,1.61,2.3676,60.262931,0.205823,205.823,16.5939,1.6594,0.341541,-0.000526,SUCCESS,VALID,2.075
10,123,2026-10-08T16:41:25.585462+00:00,0.8,2.42,3.025,78.955964,0.26999,269.99,12.6653,1.2665,0.34195,-0.00184,SUCCESS,VALID,2.175
11,123,2026-10-08T16:41:27.639685+00:00,0.9,1.81,2.0111,74.11188,0.252742,252.742,13.4931,1.3493,0.341028,0.000709,SUCCESS,VALID,2.051
12,123,2026-10-08T16:41:29.868969+00:00,0.89,1.07,1.2022,57.529922,0.195738,195.738,17.3823,1.7382,0.340237,0.002175,SUCCESS,VALID,2.225
13,123,2026-10-08T16:41:32.342789+00:00,0.5,0.83,1.66,37.692938,0.12837,128.37,26.5302,2.653,0.340568,0.00098,SUCCESS,VALID,2.471
14,123,2026-10-08T16:41:35.534392+00:00,0.42,1.86,4.4286,48.760613,0.166951,166.951,20.5084,2.0508,0.342389,-0.001901,SUCCESS,VALID,3.189
15,123,2026-10-08T16:41:37.610445+00:00,0.2,1.36,6.8,27.731614,0.094601,94.601,36.0599,3.606,0.34113,0.000165,SUCCESS,VALID,2.073
16,123,2026-10-08T16:41:39.706948+00:00,0.57,1.51,2.6491,53.089674,0.181412,181.412,18.8361,1.8836,0.341708,-0.000779,SUCCESS,VALID,2.092
17,123,2026-10-08T16:41:41.845228+00:00,0.57,1.05,1.8421,45.09136,0.153819,153.819,22.1772,2.2177,0.341128,0.00027,SUCCESS,VALID,2.136
18,123,2026-10-08T16:41:43.877490+00:00,0.57,2.53,4.4386,66.237817,0.226765,226.765,15.0971,1.5097,0.34235,-0.002489,SUCCESS,VALID,2.03
19,123,2026-10-08T16:41:45.987028+00:00,1.14,1.53,1.3421,77.718467,0.264567,264.567,12.867,1.2867,0.340417,0.002439,SUCCESS,VALID,2.109
20,123,2026-10-08T16:41:48.655376+00:00,0.79,0.54,0.6835,38.360286,0.130639,130.639,26.0686,2.6069,0.340558,0.00101,SUCCESS,VALID,2.666
21,123,2026-10-08T16:41:52.390155+00:00,0.45,1.31,2.9111,43.678508,0.149438,149.438,22.8946,2.2895,0.342132,-0.001302,SUCCESS,VALID,3.732
22,123,2026-10-08T16:41:54.426927+00:00,1.05,0.89,0.8476,57.002625,0.193957,193.957,17.5431,1.7543,0.340259,0.002109,SUCCESS,VALID,2.035
23,123,2026-10-08T16:41:57.160568+00:00,0.63,2.76,4.381,72.809799,0.249249,249.249,13.7344,1.3734,0.342328,-0.002681,SUCCESS,VALID,2.731
24,123,2026-10-08T16:42:00.230015+00:00,0.67,1.81,2.7015,62.942595,0.215213,215.213,15.8875,1.5887,0.341919,-0.001398,SUCCESS,VALID,3.066
25,123,2026-10-08T16:42:02.329899+00:00,0.23,2.36,10.2609,37.721339,0.127393,127.393,26.5102,2.651,0.337721,0.004811,SUCCESS,VALID,2.098
26,123,2026-10-08T16:42:04.343887+00:00,0.76,1.64,2.1579,64.610804,0.220529,220.529,15.4773,1.5477,0.341318,-5.1e-05,SUCCESS,VALID,2.012
27,123,2026-10-08T16:42:07.746891+00:00,0.48,1.03,2.1458,40.70392,0.138913,138.913,24.5677,2.4568,0.341276,3e-05,SUCCESS,VALID,3.401
28,123,2026-10-08T16:42:10.122244+00:00,0.56,1.99,3.5536,59.233828,0.202711,202.711,16.8822,1.6882,0.342221,-0.001954,SUCCESS,VALID,2.372
29,123,2026-10-08T16:42:12.241051+00:00,1.06,1.55,1.4623,75.282446,0.25634,256.34,13.2833,1.3283,0.340504,0.002127,SUCCESS,VALID,2.116
0,2026,2026-10-08T16:55:11.083389+00:00,0.14,2.21,15.7857,27.373474,0.090266,90.266,36.5317,3.6532,0.329758,0.011266,SUCCESS,VALID,2.897
1,2026,2026-10-08T16:55:13.989447+00:00,0.3,1.89,6.3,40.313375,0.137811,137.811,24.8057,2.4806,0.34185,-0.000796,SUCCESS,VALID,2.904
2,2026,2026-10-08T16:55:16.598512+00:00,0.2,2.79,13.95,37.175983,0.123602,123.602,26.8991,2.6899,0.332479,0.011692,SUCCESS,VALID,2.606
3,2026,2026-10-08T16:55:19.272465+00:00,0.14,2.71,19.3571,29.768783,0.096825,96.825,33.5922,3.3592,0.325255,0.017034,SUCCESS,VALID,2.671
4,2026,2026-10-08T16:55:22.391768+00:00,0.21,2.58,12.2857,37.062715,0.124316,124.316,26.9813,2.6981,0.33542,0.007769,SUCCESS,VALID,3.116
5,2026,2026-10-08T16:55:24.993326+00:00,0.16,2.2,13.75,29.565872,0.098498,98.498,33.8228,3.3823,0.333147,0.008595,SUCCESS,VALID,2.598
6,2026,2026-10-08T16:55:27.683313+00:00,0.16,2.69,16.8125,32.103351,0.105462,105.462,31.1494,3.1149,0.328508,0.014645,SUCCESS,VALID,2.686
7,2026,2026-10-08T16:55:30.244162+00:00,0.11,2.25,20.4545,23.929023,0.077447,77.447,41.7903,4.179,0.323653,0.01506,SUCCESS,VALID,2.559
8,2026,2026-10-08T16:55:33.138654+00:00,0.21,2.16,10.2857,34.475162,0.116351,116.351,29.0064,2.9006,0.337493,0.004678,SUCCESS,VALID,2.891
9,2026,2026-10-08T16:55:35.686517+00:00,0.24,2.72,11.3333,40.987425,0.137864,137.864,24.3977,2.4398,0.336357,0.007221,SUCCESS,VALID,2.544
10,2026,2026-10-08T16:55:38.536747+00:00,0.11,1.92,17.4545,22.413628,0.07356,73.56,44.6157,4.4616,0.328194,0.010476,SUCCESS,VALID,2.848
11,2026,2026-10-08T16:55:41.082337+00:00,0.15,2.44,16.2667,29.691906,0.097765,97.765,33.6792,3.3679,0.329266,0.012742,SUCCESS,VALID,2.543
12,2026,2026-10-08T16:55:43.698508+00:00,0.15,2.77,18.4667,31.281524,0.102136,102.136,31.9678,3.1968,0.326506,0.016504,SUCCESS,VALID,2.613
13,2026,2026-10-08T16:55:46.335709+00:00,0.13,1.85,14.2308,24.361981,0.080841,80.841,41.0476,4.1048,0.331834,0.008223,SUCCESS,VALID,2.634
14,2026,2026-10-08T16:55:48.930810+00:00,0.19,2.48,13.0526,34.37134,0.114667,114.667,29.094,2.9094,0.333612,0.009421,SUCCESS,VALID,2.592
15,2026,2026-10-08T16:55:51.496913+00:00,0.28,2.48,8.8571,43.251042,0.146726,146.726,23.1208,2.3121,0.339242,0.00317,SUCCESS,VALID,2.564
16,2026,2026-10-08T16:55:54.200134+00:00,0.2,2.27,11.35,34.176655,0.115003,115.003,29.2597,2.926,0.336495,0.005854,SUCCESS,VALID,2.702
17,2026,2026-10-08T16:55:56.901075+00:00,0.15,2.31,15.4,29.032952,0.096086,96.086,34.4436,3.4444,0.330955,0.010709,SUCCESS,VALID,2.696
18,2026,2026-10-08T16:55:59.536326+00:00,0.21,2.29,10.9048,35.305384,0.118914,118.914,28.3243,2.8324,0.336816,0.005642,SUCCESS,VALID,2.632
19,2026,2026-10-08T16:56:02.118641+00:00,0.14,2.25,16.0714,27.575528,0.090871,90.871,36.264,3.6264,0.329536,0.011568,SUCCESS,VALID,2.579
20,2026,2026-10-08T16:56:04.773285+00:00,0.29,2.11,7.2759,41.34024,0.140858,140.858,24.1895,2.419,0.340728,0.000837,SUCCESS,VALID,2.652
21,2026,2026-10-08T16:56:07.305543+00:00,0.1,2.05,20.5,21.773652,0.070462,70.462,45.9271,4.5927,0.323611,0.013736,SUCCESS,VALID,2.527
22,2026,2026-10-08T16:56:10.013942+00:00,0.14,2.0,14.2857,26.277336,0.087304,87.304,38.0556,3.8056,0.332242,0.008487,SUCCESS,VALID,2.705
23,2026,2026-10-08T16:56:12.622430+00:00,0.23,2.54,11.0435,38.867349,0.130697,130.697,25.7285,2.5729,0.336265,0.006976,SUCCESS,VALID,2.605
24,2026,2026-10-08T16:56:15.194980+00:00,0.27,1.88,6.963,37.802779,0.128951,128.951,26.4531,2.6453,0.341115,0.000244,SUCCESS,VALID,2.569
25,2026,2026-10-08T16:56:17.764459+00:00,0.13,2.78,21.3846,28.805502,0.092871,92.871,34.7156,3.4716,0.322408,0.019408,SUCCESS,VALID,2.566
26,2026,2026-10-08T16:56:20.396275+00:00,0.1,2.26,22.6,22.672526,0.07281,72.81,44.1062,4.4106,0.321137,0.016304,SUCCESS,VALID,2.629
27,2026,2026-10-08T16:56:22.936011+00:00,0.11,2.45,22.2727,24.78904,0.079636,79.636,40.3404,4.034,0.321256,0.017721,SUCCESS,VALID,2.538
28,2026,2026-10-08T16:56:25.729308+00:00,0.3,2.26,7.5333,43.378241,0.14774,147.74,23.053,2.3053,0.340586,0.001099,SUCCESS,VALID,2.792
29,2026,2026-10-08T16:56:28.414784+00:00,0.17,2.46,14.4706,32.076374,0.10649,106.49,31.1756,3.1176,0.331989,0.01065,SUCCESS,VALID,2.682
30,2026,2026-10-08T16:56:31.064500+00:00,0.23,2.4,10.4348,37.980354,0.128187,128.187,26.3294,2.6329,0.337509,0.005132,SUCCESS,VALID,2.647
31,2026,2026-10-08T16:56:33.611876+00:00,0.22,1.9,8.6364,33.635152,0.1142,114.2,29.7308,2.9731,0.339524,0.002126,SUCCESS,VALID,2.545
32,2026,2026-10-08T16:56:36.674709+00:00,0.3,2.44,8.1333,44.757185,0.15216,152.16,22.3428,2.2343,0.339968,0.00212,SUCCESS,VALID,3.059
33,2026,2026-10-08T16:56:39.232945+00:00,0.15,2.71,18.0667,31.000621,0.101422,101.422,32.2574,3.2257,0.327161,0.015631,SUCCESS,VALID,2.555
34,2026,2026-10-08T16:56:41.999550+00:00,0.13,2.14,16.4615,25.859041,0.085338,85.338,38.6712,3.8671,0.330012,0.010409,SUCCESS,VALID,2.765
35,2026,2026-10-08T16:56:44.501725+00:00,0.21,2.17,10.3333,34.540048,0.116675,116.675,28.9519,2.8952,0.337796,0.004313,SUCCESS,VALID,2.499
36,2026,2026-10-08T16:56:47.064423+00:00,0.2,2.27,11.35,34.176655,0.115003,115.003,29.2597,2.926,0.336495,0.005854,SUCCESS,VALID,2.561
37,2026,2026-10-08T16:56:49.665817+00:00,0.15,2.51,16.7333,30.038615,0.098769,98.769,33.2905,3.329,0.328807,0.013383,SUCCESS,VALID,2.6
38,2026,2026-10-08T16:56:52.332696+00:00,0.12,1.97,16.4167,23.843162,0.078498,78.498,41.9407,4.1941,0.329224,0.010267,SUCCESS,VALID,2.664
39,2026,2026-10-08T16:56:55.318817+00:00,0.26,2.55,9.8077,41.864415,0.141667,141.667,23.8866,2.3887,0.338394,0.004334,SUCCESS,VALID,2.984
40,2026,2026-10-08T16:56:57.972971+00:00,0.16,2.66,16.625,31.955852,0.105212,105.212,31.2932,3.1293,0.329241,0.013742,SUCCESS,VALID,2.651
41,2026,2026-10-08T16:57:00.571959+00:00,0.25,2.72,10.88,41.991312,0.141436,141.436,23.8144,2.3814,0.336822,0.006702,SUCCESS,VALID,2.595
42,2026,2026-10-08T16:57:03.137195+00:00,0.16,1.97,12.3125,28.263351,0.094674,94.674,35.3815,3.5382,0.334972,0.006376,SUCCESS,VALID,2.562
43,2026,2026-10-08T16:57:05.816790+00:00,0.15,2.62,17.4667,30.572756,0.100323,100.323,32.7089,3.2709,0.328144,0.014344,SUCCESS,VALID,2.677
44,2026,2026-10-08T16:57:08.364281+00:00,0.27,1.89,7.0,37.885019,0.129084,129.084,26.3957,2.6396,0.340727,0.00077,SUCCESS,VALID,2.546
45,2026,2026-10-08T16:57:11.007962+00:00,0.22,2.76,12.5455,39.160205,0.131008,131.008,25.5361,2.5536,0.334545,0.009431,SUCCESS,VALID,2.64
46,2026,2026-10-08T16:57:13.548779+00:00,0.24,1.86,7.75,35.106991,0.119348,119.348,28.4844,2.8484,0.339956,0.001678,SUCCESS,VALID,2.537
47,2026,2026-10-08T16:57:16.345334+00:00,0.22,2.77,12.5909,39.217999,0.131258,131.258,25.4985,2.5498,0.334688,0.009245,SUCCESS,VALID,2.795
48,2026,2026-10-08T16:57:18.950590+00:00,0.29,2.41,8.3103,43.646978,0.148199,148.199,22.9111,2.2911,0.339541,0.002733,SUCCESS,VALID,2.602
49,2026,2026-10-08T16:57:21.504191+00:00,0.28,2.0,7.1429,39.614497,0.135017,135.017,25.2433,2.5243,0.340827,0.000664,SUCCESS,VALID,2.55
