iteration,seed,Wn,Wp,ratio,frequency,average_power,delay,PDP,objective_0_5_0_5,objective_0_7_0_3,delta_objective_0_7_0_3,rank_0_5_0_5,rank_0_7_0_3,simulation_status,oscillation_status,runtime,Wn_um,Wp_um,Wp_Wn_ratio,frequency_ghz,average_power_uw,delay_ps,pdp_fj
1,2026,0.36,1.3,3.6111,38.340765,131.125,2.6082,0.342,-0.000962,0.372844,-0.027156,74,73,SUCCESS,VALID,2.72,0.36,1.3,3.6111,38.340765,131.125,2.6082,0.342
2,2026,1.17,0.47,0.4017,42.590846,145.523,2.3479,0.341677,-0.000578,0.414468,0.014468,64,70,SUCCESS,VALID,2.677,1.17,0.47,0.4017,42.590846,145.523,2.3479,0.341677
3,2026,0.64,2.77,4.3281,73.589673,252.063,1.3589,0.342526,-0.003227,0.714793,0.314793,100,21,SUCCESS,VALID,2.715,0.64,2.77,4.3281,73.589673,252.063,1.3589,0.342526
4,2026,0.33,2.57,7.7879,48.368308,164.475,2.0675,0.340047,0.002156,0.472378,0.072378,13,60,SUCCESS,VALID,2.455,0.33,2.57,7.7879,48.368308,164.475,2.0675,0.340047
5,2026,0.72,2.25,3.125,72.067902,246.625,1.3876,0.342212,-0.002355,0.700495,0.300495,94,25,SUCCESS,VALID,2.934,0.72,2.25,3.125,72.067902,246.625,1.3876,0.342212
6,2026,0.45,1.26,2.8,42.943297,146.836,2.3287,0.341929,-0.000969,0.417665,0.017665,75,69,SUCCESS,VALID,2.519,0.45,1.26,2.8,42.943297,146.836,2.3287,0.341929
7,2026,0.44,2.53,5.75,56.942464,194.587,1.7562,0.341726,-0.000873,0.554069,0.154069,72,40,SUCCESS,VALID,2.797,0.44,2.53,5.75,56.942464,194.587,1.7562,0.341726
8,2026,0.17,1.38,8.1176,25.34246,86.165,3.9459,0.340003,0.001169,0.247525,-0.152475,28,90,SUCCESS,VALID,2.625,0.17,1.38,8.1176,25.34246,86.165,3.9459,0.340003
9,2026,0.73,1.17,1.6027,54.136297,184.385,1.8472,0.340594,0.001356,0.528076,0.128076,24,48,SUCCESS,VALID,2.797,0.73,1.17,1.6027,54.136297,184.385,1.8472,0.340594
10,2026,0.87,2.6,2.9885,85.41358,292.151,1.1708,0.342043,-0.002275,0.830523,0.430523,93,7,SUCCESS,VALID,2.64,0.87,2.6,2.9885,85.41358,292.151,1.1708,0.342043
11,2026,0.15,0.55,3.6667,16.079576,55.134,6.2191,0.34288,-0.000908,0.156062,-0.243938,73,99,SUCCESS,VALID,2.869,0.15,0.55,3.6667,16.079576,55.134,6.2191,0.34288
12,2026,0.37,1.89,5.1081,45.592873,155.944,2.1933,0.342036,-0.001203,0.443331,0.043331,81,65,SUCCESS,VALID,2.602,0.37,1.89,5.1081,45.592873,155.944,2.1933,0.342036
13,2026,0.37,2.72,7.3514,52.967573,180.472,1.8879,0.340722,0.001086,0.516531,0.116531,30,52,SUCCESS,VALID,2.634,0.37,2.72,7.3514,52.967573,180.472,1.8879,0.340722
14,2026,0.28,0.36,1.2857,18.698389,63.591,5.3481,0.340087,0.000807,0.182597,-0.217403,34,97,SUCCESS,VALID,2.715,0.28,0.36,1.2857,18.698389,63.591,5.3481,0.340087
15,2026,0.63,1.99,3.1587,63.352556,216.658,1.5785,0.341988,-0.001563,0.616086,0.216086,86,33,SUCCESS,VALID,2.855,0.63,1.99,3.1587,63.352556,216.658,1.5785,0.341988
16,2026,1.07,1.99,1.8598,85.017833,289.892,1.1762,0.340978,0.000966,0.828613,0.428613,32,8,SUCCESS,VALID,2.63,1.07,1.99,1.8598,85.017833,289.892,1.1762,0.340978
17,2026,0.68,1.44,2.1176,57.320792,195.663,1.7446,0.341348,-0.000106,0.558215,0.158215,57,39,SUCCESS,VALID,2.859,0.68,1.44,2.1176,57.320792,195.663,1.7446,0.341348
18,2026,0.4,1.54,3.85,43.77689,149.903,2.2843,0.342424,-0.001762,0.425309,0.025309,87,68,SUCCESS,VALID,2.765,0.4,1.54,3.85,43.77689,149.903,2.2843,0.342424
19,2026,0.74,1.49,2.0135,60.969573,208.026,1.6402,0.341196,0.000218,0.593945,0.193945,48,36,SUCCESS,VALID,2.654,0.74,1.49,2.0135,60.969573,208.026,1.6402,0.341196
20,2026,0.34,1.39,4.0882,38.167324,130.639,2.62,0.34228,-0.001339,0.370928,-0.029072,82,74,SUCCESS,VALID,2.612,0.34,1.39,4.0882,38.167324,130.639,2.62,0.34228
21,2026,1.14,1.04,0.9123,64.247379,218.584,1.5565,0.340222,0.002462,0.627216,0.227216,10,31,SUCCESS,VALID,2.533,1.14,1.04,0.9123,64.247379,218.584,1.5565,0.340222
22,2026,0.14,0.88,6.2857,18.79537,64.225,5.3205,0.341705,-0.000274,0.182893,-0.217107,60,96,SUCCESS,VALID,2.501,0.14,0.88,6.2857,18.79537,64.225,5.3205,0.341705
23,2026,0.35,0.76,2.1714,29.838942,101.825,3.3513,0.341248,5.1e-05,0.290648,-0.109352,50,87,SUCCESS,VALID,2.675,0.35,0.76,2.1714,29.838942,101.825,3.3513,0.341248
24,2026,0.84,2.14,2.5476,76.901527,262.662,1.3004,0.341557,-0.000715,0.748557,0.348557,67,19,SUCCESS,VALID,2.578,0.84,2.14,2.5476,76.901527,262.662,1.3004,0.341557
25,2026,1.04,0.46,0.4423,39.934671,136.316,2.5041,0.341348,-7.3e-05,0.388901,-0.011099,54,72,SUCCESS,VALID,2.737,1.04,0.46,0.4423,39.934671,136.316,2.5041,0.341348
26,2026,0.3,2.74,9.1333,46.923793,159.157,2.1311,0.339182,0.003539,0.459139,0.059139,5,62,SUCCESS,VALID,2.605,0.3,2.74,9.1333,46.923793,159.157,2.1311,0.339182
27,2026,0.12,1.41,11.75,20.797379,69.869,4.8083,0.335949,0.003967,0.204936,-0.195064,4,93,SUCCESS,VALID,3.898,0.12,1.41,11.75,20.797379,69.869,4.8083,0.335949
28,2026,0.17,1.91,11.2353,28.930225,97.394,3.4566,0.336652,0.004793,0.284643,-0.115357,2,88,SUCCESS,VALID,2.62,0.17,1.91,11.2353,28.930225,97.394,3.4566,0.336652
29,2026,1.2,1.43,1.1917,77.234628,262.792,1.2948,0.340251,0.002879,0.753956,0.353956,6,17,SUCCESS,VALID,2.78,1.2,1.43,1.1917,77.234628,262.792,1.2948,0.340251
30,2026,0.52,1.93,3.7115,56.03168,191.756,1.7847,0.342228,-0.001862,0.544605,0.144605,88,43,SUCCESS,VALID,3.128,0.52,1.93,3.7115,56.03168,191.756,1.7847,0.342228
31,2026,0.85,1.77,2.0824,71.10853,242.605,1.4063,0.341176,0.000306,0.692747,0.292747,47,29,SUCCESS,VALID,2.531,0.85,1.77,2.0824,71.10853,242.605,1.4063,0.341176
32,2026,0.75,0.49,0.6533,35.560405,121.147,2.8121,0.340678,0.000784,0.346811,-0.053189,36,80,SUCCESS,VALID,2.643,0.75,0.49,0.6533,35.560405,121.147,2.8121,0.340678
33,2026,1.2,1.87,1.5583,87.825155,299.167,1.1386,0.340639,0.002059,0.85661,0.45661,16,4,SUCCESS,VALID,2.473,1.2,1.87,1.5583,87.825155,299.167,1.1386,0.340639
34,2026,0.37,2.57,6.9459,51.751867,176.518,1.9323,0.341086,0.000388,0.504272,0.104272,43,54,SUCCESS,VALID,2.682,0.37,2.57,6.9459,51.751867,176.518,1.9323,0.341086
35,2026,0.3,1.11,3.7,32.283229,110.565,3.0976,0.342483,-0.001367,0.313603,-0.086397,83,83,SUCCESS,VALID,2.687,0.3,1.11,3.7,32.283229,110.565,3.0976,0.342483
36,2026,0.7,1.18,1.6857,53.14919,181.023,1.8815,0.340595,0.00133,0.518447,0.118447,26,50,SUCCESS,VALID,2.646,0.7,1.18,1.6857,53.14919,181.023,1.8815,0.340595
37,2026,0.67,1.44,2.1493,56.856645,194.064,1.7588,0.341321,-5e-05,0.553726,0.153726,53,41,SUCCESS,VALID,2.533,0.67,1.44,2.1493,56.856645,194.064,1.7588,0.341321
38,2026,0.41,2.05,5.0,50.074501,171.454,1.997,0.342398,-0.001969,0.486521,0.086521,89,58,SUCCESS,VALID,2.664,0.41,2.05,5.0,50.074501,171.454,1.997,0.342398
39,2026,0.24,0.67,2.7917,22.873284,78.278,4.3719,0.342223,-0.000756,0.222321,-0.177679,68,92,SUCCESS,VALID,2.533,0.24,0.67,2.7917,22.873284,78.278,4.3719,0.342223
40,2026,1.0,2.16,2.16,85.05142,290.304,1.1758,0.341328,-9.7e-05,0.828304,0.428304,56,9,SUCCESS,VALID,2.804,1.0,2.16,2.16,85.05142,290.304,1.1758,0.341328
41,2026,0.42,2.43,5.7857,54.493284,186.313,1.8351,0.341901,-0.001175,0.530034,0.130034,79,47,SUCCESS,VALID,2.616,0.42,2.43,5.7857,54.493284,186.313,1.8351,0.341901
42,2026,0.92,2.58,2.8043,87.854434,300.268,1.1382,0.341779,-0.001513,0.854753,0.454753,85,5,SUCCESS,VALID,2.694,0.92,2.58,2.8043,87.854434,300.268,1.1382,0.341779
43,2026,0.43,0.67,1.5581,31.468971,107.177,3.1777,0.340581,0.000803,0.306975,-0.093025,35,85,SUCCESS,VALID,2.652,0.43,0.67,1.5581,31.468971,107.177,3.1777,0.340581
44,2026,0.37,2.34,6.3243,49.798629,170.01,2.0081,0.341396,-0.000176,0.48491,0.08491,59,59,SUCCESS,VALID,2.813,0.37,2.34,6.3243,49.798629,170.01,2.0081,0.341396
45,2026,1.04,0.48,0.4615,40.881867,139.555,2.4461,0.341362,-9.5e-05,0.398113,-0.001887,55,71,SUCCESS,VALID,2.603,1.04,0.48,0.4615,40.881867,139.555,2.4461,0.341362
46,2026,0.77,2.71,3.5195,81.111723,277.607,1.2329,0.342253,-0.002768,0.78833,0.38833,98,14,SUCCESS,VALID,2.638,0.77,2.71,3.5195,81.111723,277.607,1.2329,0.342253
47,2026,0.89,0.39,0.4382,33.99934,116.083,2.9412,0.341428,-0.000159,0.331042,-0.068958,58,82,SUCCESS,VALID,2.641,0.89,0.39,0.4382,33.99934,116.083,2.9412,0.341428
48,2026,0.77,2.73,3.5455,81.366878,278.554,1.229,0.342343,-0.003039,0.790652,0.390652,99,13,SUCCESS,VALID,2.584,0.77,2.73,3.5455,81.366878,278.554,1.229,0.342343
49,2026,1.12,1.81,1.6161,83.380957,283.973,1.1993,0.340573,0.00215,0.813382,0.413382,14,12,SUCCESS,VALID,2.592,1.12,1.81,1.6161,83.380957,283.973,1.1993,0.340573
50,2026,1.08,0.76,0.7037,53.247863,181.29,1.878,0.340465,0.00158,0.519557,0.119557,21,49,SUCCESS,VALID,2.835,1.08,0.76,0.7037,53.247863,181.29,1.878,0.340465
51,2026,1.13,1.02,0.9027,63.34248,215.45,1.5787,0.340135,0.002623,0.6185,0.2185,9,32,SUCCESS,VALID,2.533,1.13,1.02,0.9027,63.34248,215.45,1.5787,0.340135
52,2026,1.13,1.35,1.1947,72.819298,247.769,1.3733,0.340252,0.002713,0.710853,0.310853,8,22,SUCCESS,VALID,2.557,1.13,1.35,1.1947,72.819298,247.769,1.3733,0.340252
53,2026,0.47,1.88,4.0,52.276794,179.009,1.9129,0.342425,-0.002105,0.507888,0.107888,92,53,SUCCESS,VALID,2.485,0.47,1.88,4.0,52.276794,179.009,1.9129,0.342425
54,2026,0.81,1.94,2.3951,72.152598,246.529,1.386,0.341678,-0.000981,0.702144,0.302144,76,23,SUCCESS,VALID,2.701,0.81,1.94,2.3951,72.152598,246.529,1.386,0.341678
55,2026,0.76,1.44,1.8947,60.904076,207.769,1.6419,0.341141,0.000336,0.593379,0.193379,45,37,SUCCESS,VALID,2.476,0.76,1.44,1.8947,60.904076,207.769,1.6419,0.341141
56,2026,1.11,2.01,1.8108,87.119393,296.903,1.1479,0.3408,0.001543,0.849427,0.449427,23,6,SUCCESS,VALID,2.743,1.11,2.01,1.8108,87.119393,296.903,1.1479,0.3408
57,2026,0.58,2.05,3.5345,61.208374,209.481,1.6338,0.342242,-0.002066,0.594901,0.194901,91,35,SUCCESS,VALID,2.636,0.58,2.05,3.5345,61.208374,209.481,1.6338,0.342242
58,2026,1.14,0.38,0.3333,37.370194,127.82,2.6759,0.342038,-0.000989,0.363375,-0.036625,77,78,SUCCESS,VALID,2.799,1.14,0.38,0.3333,37.370194,127.82,2.6759,0.342038
59,2026,0.55,0.64,1.1636,34.989827,119.044,2.858,0.340225,0.001337,0.341587,-0.058413,25,81,SUCCESS,VALID,2.531,0.55,0.64,1.1636,34.989827,119.044,2.858,0.340225
60,2026,1.13,2.02,1.7876,88.163207,300.574,1.1343,0.340929,0.001157,0.859361,0.459361,29,3,SUCCESS,VALID,2.808,1.13,2.02,1.7876,88.163207,300.574,1.1343,0.340929
61,2026,0.87,1.73,1.9885,71.274041,243.144,1.403,0.34114,0.000398,0.694414,0.294414,42,27,SUCCESS,VALID,2.52,0.87,1.73,1.9885,71.274041,243.144,1.403,0.34114
62,2026,0.19,2.66,14.0,35.368852,117.651,2.8273,0.332639,0.010923,0.351028,-0.048972,1,79,SUCCESS,VALID,2.796,0.19,2.66,14.0,35.368852,117.651,2.8273,0.332639
63,2026,1.08,2.42,2.2407,93.383269,318.899,1.0709,0.341495,-0.000661,0.909112,0.509112,65,1,SUCCESS,VALID,2.502,1.08,2.42,2.2407,93.383269,318.899,1.0709,0.341495
64,2026,0.39,1.11,2.8462,37.484233,128.163,2.6678,0.341911,-0.000822,0.364585,-0.035415,69,77,SUCCESS,VALID,2.805,0.39,1.11,2.8462,37.484233,128.163,2.6678,0.341911
65,2026,0.62,2.76,4.4516,72.13661,246.889,1.3863,0.342252,-0.002459,0.701101,0.301101,96,24,SUCCESS,VALID,2.516,0.62,2.76,4.4516,72.13661,246.889,1.3863,0.342252
66,2026,0.32,1.48,4.625,37.832284,129.456,2.6432,0.342185,-0.001199,0.36775,-0.03225,80,75,SUCCESS,VALID,2.675,0.32,1.48,4.625,37.832284,129.456,2.6432,0.342185
67,2026,0.96,2.25,2.3438,84.693015,289.286,1.1807,0.341571,-0.000829,0.824374,0.424374,70,11,SUCCESS,VALID,2.496,0.96,2.25,2.3438,84.693015,289.286,1.1807,0.341571
68,2026,0.74,1.5,2.027,61.155134,208.547,1.6352,0.341014,0.000616,0.595993,0.195993,38,34,SUCCESS,VALID,2.648,0.74,1.5,2.027,61.155134,208.547,1.6352,0.341014
69,2026,0.85,1.0,1.1765,54.366099,184.924,1.8394,0.340146,0.002231,0.530839,0.130839,11,45,SUCCESS,VALID,2.566,0.85,1.0,1.1765,54.366099,184.924,1.8394,0.340146
70,2026,0.32,0.97,3.0312,31.610759,108.011,3.1635,0.341691,-0.000445,0.307607,-0.092393,62,84,SUCCESS,VALID,2.826,0.32,0.97,3.0312,31.610759,108.011,3.1635,0.341691
71,2026,0.85,1.0,1.1765,54.366099,184.924,1.8394,0.340146,0.002231,0.530839,0.130839,12,46,SUCCESS,VALID,2.514,0.85,1.0,1.1765,54.366099,184.924,1.8394,0.340146
72,2026,0.37,0.66,1.7838,28.839174,98.294,3.4675,0.340834,0.000475,0.281165,-0.118835,41,89,SUCCESS,VALID,2.622,0.37,0.66,1.7838,28.839174,98.294,3.4675,0.340834
73,2026,1.02,0.72,0.7059,50.371133,171.443,1.9853,0.34036,0.001683,0.491601,0.091601,20,56,SUCCESS,VALID,2.577,1.02,0.72,0.7059,50.371133,171.443,1.9853,0.34036
74,2026,0.77,2.36,3.0649,76.42823,261.404,1.3084,0.342025,-0.001987,0.743182,0.343182,90,20,SUCCESS,VALID,2.607,0.77,2.36,3.0649,76.42823,261.404,1.3084,0.342025
75,2026,0.82,1.87,2.2805,71.462989,244.035,1.3993,0.341484,-0.000479,0.695728,0.295728,63,26,SUCCESS,VALID,2.652,0.82,1.87,2.2805,71.462989,244.035,1.3993,0.341484
76,2026,1.01,0.67,0.6634,48.274981,164.413,2.0715,0.340575,0.001242,0.47092,0.07092,27,61,SUCCESS,VALID,2.673,1.01,0.67,0.6634,48.274981,164.413,2.0715,0.340575
77,2026,1.18,0.54,0.4576,46.168622,157.582,2.166,0.341318,-3.6e-05,0.449639,0.049639,52,64,SUCCESS,VALID,2.716,1.18,0.54,0.4576,46.168622,157.582,2.166,0.341318
78,2026,0.9,2.18,2.4222,80.572451,275.276,1.2411,0.34165,-0.001018,0.784127,0.384127,78,15,SUCCESS,VALID,2.968,0.9,2.18,2.4222,80.572451,275.276,1.2411,0.34165
79,2026,0.93,1.59,1.7097,71.077177,242.15,1.4069,0.340685,0.001549,0.693186,0.293186,22,28,SUCCESS,VALID,2.584,0.93,1.59,1.7097,71.077177,242.15,1.4069,0.340685
80,2026,1.13,0.53,0.469,44.814053,152.939,2.2314,0.341275,3.5e-05,0.436488,0.036488,51,66,SUCCESS,VALID,2.741,1.13,0.53,0.469,44.814053,152.939,2.2314,0.341275
81,2026,0.31,0.56,1.8065,24.303729,82.858,4.1146,0.340926,0.000321,0.236899,-0.163101,46,91,SUCCESS,VALID,2.583,0.31,0.56,1.8065,24.303729,82.858,4.1146,0.340926
82,2026,0.57,2.72,4.7719,68.274656,233.694,1.4647,0.342286,-0.002409,0.663518,0.263518,95,30,SUCCESS,VALID,2.712,0.57,2.72,4.7719,68.274656,233.694,1.4647,0.342286
83,2026,0.9,1.07,1.1889,57.860124,196.93,1.7283,0.340356,0.001942,0.564696,0.164696,17,38,SUCCESS,VALID,2.604,0.9,1.07,1.1889,57.860124,196.93,1.7283,0.340356
84,2026,1.05,0.61,0.581,46.767746,159.389,2.1382,0.34081,0.000811,0.455983,0.055983,33,63,SUCCESS,VALID,2.706,1.05,0.61,0.581,46.767746,159.389,2.1382,0.34081
85,2026,1.06,1.64,1.5472,77.317024,263.284,1.2934,0.340526,0.002125,0.754307,0.354307,15,16,SUCCESS,VALID,2.726,1.06,1.64,1.5472,77.317024,263.284,1.2934,0.340526
86,2026,0.49,1.99,4.0612,54.852132,187.907,1.8231,0.34257,-0.002492,0.532738,0.132738,97,44,SUCCESS,VALID,2.648,0.49,1.99,4.0612,54.852132,187.907,1.8231,0.34257
87,2026,1.18,0.65,0.5508,51.075571,174.105,1.9579,0.340877,0.000764,0.49791,0.09791,37,55,SUCCESS,VALID,2.578,1.18,0.65,0.5508,51.075571,174.105,1.9579,0.340877
88,2026,0.44,2.5,5.6818,56.662663,193.81,1.7648,0.342042,-0.001508,0.550963,0.150963,84,42,SUCCESS,VALID,2.83,0.44,2.5,5.6818,56.662663,193.81,1.7648,0.342042
89,2026,1.06,2.01,1.8962,84.975566,289.742,1.1768,0.340971,0.000986,0.828213,0.428213,31,10,SUCCESS,VALID,2.552,1.06,2.01,1.8962,84.975566,289.742,1.1768,0.340971
90,2026,1.17,0.63,0.5385,50.024596,170.561,1.999,0.340954,0.000611,0.487582,0.087582,39,57,SUCCESS,VALID,2.921,1.17,0.63,0.5385,50.024596,170.561,1.999,0.340954
91,2026,0.32,0.96,3.0,31.468999,107.635,3.1777,0.342035,-0.000829,0.305996,-0.094004,71,86,SUCCESS,VALID,2.544,0.32,0.96,3.0,31.468999,107.635,3.1777,0.342035
92,2026,0.23,2.28,9.913,37.195388,125.662,2.6885,0.337842,0.004583,0.365015,-0.034985,3,76,SUCCESS,VALID,2.594,0.23,2.28,9.913,37.195388,125.662,2.6885,0.337842
93,2026,1.19,0.5,0.4202,44.414341,151.691,2.2515,0.341537,-0.000381,0.432347,0.032347,61,67,SUCCESS,VALID,2.558,1.19,0.5,0.4202,44.414341,151.691,2.2515,0.341537
94,2026,0.12,0.87,7.25,17.081419,58.262,5.8543,0.341083,0.00013,0.166443,-0.233557,49,98,SUCCESS,VALID,2.737,0.12,0.87,7.25,17.081419,58.262,5.8543,0.341083
95,2026,1.19,1.91,1.605,88.308675,300.898,1.1324,0.340734,0.001771,0.861147,0.461147,18,2,SUCCESS,VALID,2.557,1.19,1.91,1.605,88.308675,300.898,1.1324,0.340734
96,2026,1.04,0.78,0.75,53.00876,180.429,1.8865,0.340375,0.001742,0.517325,0.117325,19,51,SUCCESS,VALID,3.428,1.04,0.78,0.75,53.00876,180.429,1.8865,0.340375
97,2026,0.24,0.3,1.25,15.810236,53.856,6.325,0.340637,0.000372,0.154206,-0.245794,44,100,SUCCESS,VALID,4.546,0.24,0.3,1.25,15.810236,53.856,6.325,0.340637
98,2026,1.15,1.48,1.287,76.832504,261.426,1.3015,0.340254,0.002857,0.750025,0.350025,7,18,SUCCESS,VALID,2.689,1.15,1.48,1.287,76.832504,261.426,1.3015,0.340254
99,2026,0.19,0.75,3.9474,21.015167,71.923,4.7585,0.342242,-0.000709,0.204252,-0.195748,66,94,SUCCESS,VALID,3.549,0.19,0.75,3.9474,21.015167,71.923,4.7585,0.342242
100,2026,0.35,0.31,0.8857,19.431593,66.16,5.1463,0.340479,0.000566,0.189595,-0.210405,40,95,SUCCESS,VALID,2.88,0.35,0.31,0.8857,19.431593,66.16,5.1463,0.340479
