iteration,seed,Wn,Wp,ratio,frequency,average_power,period,delay,PDP,objective,simulation_status,oscillation_status,runtime,Wn_um,Wp_um,Wp_Wn_ratio,frequency_ghz,average_power_uw,period_ps,delay_ps,pdp_fj,objective_score,runtime_sec
1,2026,0.36,1.3,3.6111,38.340765,131.125,26.0819,2.6082,0.342,-0.000962,SUCCESS,VALID,2.72,0.36,1.3,3.6111,38.340765,131.125,26.0819,2.6082,0.342,-0.000962,2.72
2,2026,1.17,0.47,0.4017,42.590846,145.523,23.4792,2.3479,0.341677,-0.000578,SUCCESS,VALID,2.677,1.17,0.47,0.4017,42.590846,145.523,23.4792,2.3479,0.341677,-0.000578,2.677
3,2026,0.64,2.77,4.3281,73.589673,252.063,13.5889,1.3589,0.342526,-0.003227,SUCCESS,VALID,2.715,0.64,2.77,4.3281,73.589673,252.063,13.5889,1.3589,0.342526,-0.003227,2.715
4,2026,0.33,2.57,7.7879,48.368308,164.475,20.6747,2.0675,0.340047,0.002156,SUCCESS,VALID,2.455,0.33,2.57,7.7879,48.368308,164.475,20.6747,2.0675,0.340047,0.002156,2.455
5,2026,0.72,2.25,3.125,72.067902,246.625,13.8758,1.3876,0.342212,-0.002355,SUCCESS,VALID,2.934,0.72,2.25,3.125,72.067902,246.625,13.8758,1.3876,0.342212,-0.002355,2.934
6,2026,0.45,1.26,2.8,42.943297,146.836,23.2865,2.3287,0.341929,-0.000969,SUCCESS,VALID,2.519,0.45,1.26,2.8,42.943297,146.836,23.2865,2.3287,0.341929,-0.000969,2.519
7,2026,0.44,2.53,5.75,56.942464,194.587,17.5616,1.7562,0.341726,-0.000873,SUCCESS,VALID,2.797,0.44,2.53,5.75,56.942464,194.587,17.5616,1.7562,0.341726,-0.000873,2.797
8,2026,0.17,1.38,8.1176,25.34246,86.165,39.4595,3.9459,0.340003,0.001169,SUCCESS,VALID,2.625,0.17,1.38,8.1176,25.34246,86.165,39.4595,3.9459,0.340003,0.001169,2.625
9,2026,0.73,1.17,1.6027,54.136297,184.385,18.4719,1.8472,0.340594,0.001356,SUCCESS,VALID,2.797,0.73,1.17,1.6027,54.136297,184.385,18.4719,1.8472,0.340594,0.001356,2.797
10,2026,0.87,2.6,2.9885,85.41358,292.151,11.7077,1.1708,0.342043,-0.002275,SUCCESS,VALID,2.64,0.87,2.6,2.9885,85.41358,292.151,11.7077,1.1708,0.342043,-0.002275,2.64
11,2026,0.15,0.55,3.6667,16.079576,55.134,62.1907,6.2191,0.34288,-0.000908,SUCCESS,VALID,2.869,0.15,0.55,3.6667,16.079576,55.134,62.1907,6.2191,0.34288,-0.000908,2.869
12,2026,0.37,1.89,5.1081,45.592873,155.944,21.9333,2.1933,0.342036,-0.001203,SUCCESS,VALID,2.602,0.37,1.89,5.1081,45.592873,155.944,21.9333,2.1933,0.342036,-0.001203,2.602
13,2026,0.37,2.72,7.3514,52.967573,180.472,18.8795,1.8879,0.340722,0.001086,SUCCESS,VALID,2.634,0.37,2.72,7.3514,52.967573,180.472,18.8795,1.8879,0.340722,0.001086,2.634
14,2026,0.28,0.36,1.2857,18.698389,63.591,53.4805,5.3481,0.340087,0.000807,SUCCESS,VALID,2.715,0.28,0.36,1.2857,18.698389,63.591,53.4805,5.3481,0.340087,0.000807,2.715
15,2026,0.63,1.99,3.1587,63.352556,216.658,15.7847,1.5785,0.341988,-0.001563,SUCCESS,VALID,2.855,0.63,1.99,3.1587,63.352556,216.658,15.7847,1.5785,0.341988,-0.001563,2.855
16,2026,1.07,1.99,1.8598,85.017833,289.892,11.7622,1.1762,0.340978,0.000966,SUCCESS,VALID,2.63,1.07,1.99,1.8598,85.017833,289.892,11.7622,1.1762,0.340978,0.000966,2.63
17,2026,0.68,1.44,2.1176,57.320792,195.663,17.4457,1.7446,0.341348,-0.000106,SUCCESS,VALID,2.859,0.68,1.44,2.1176,57.320792,195.663,17.4457,1.7446,0.341348,-0.000106,2.859
18,2026,0.4,1.54,3.85,43.77689,149.903,22.8431,2.2843,0.342424,-0.001762,SUCCESS,VALID,2.765,0.4,1.54,3.85,43.77689,149.903,22.8431,2.2843,0.342424,-0.001762,2.765
19,2026,0.74,1.49,2.0135,60.969573,208.026,16.4016,1.6402,0.341196,0.000218,SUCCESS,VALID,2.654,0.74,1.49,2.0135,60.969573,208.026,16.4016,1.6402,0.341196,0.000218,2.654
20,2026,0.34,1.39,4.0882,38.167324,130.639,26.2004,2.62,0.34228,-0.001339,SUCCESS,VALID,2.612,0.34,1.39,4.0882,38.167324,130.639,26.2004,2.62,0.34228,-0.001339,2.612
21,2026,1.14,1.04,0.9123,64.247379,218.584,15.5648,1.5565,0.340222,0.002462,SUCCESS,VALID,2.533,1.14,1.04,0.9123,64.247379,218.584,15.5648,1.5565,0.340222,0.002462,2.533
22,2026,0.14,0.88,6.2857,18.79537,64.225,53.2046,5.3205,0.341705,-0.000274,SUCCESS,VALID,2.501,0.14,0.88,6.2857,18.79537,64.225,53.2046,5.3205,0.341705,-0.000274,2.501
23,2026,0.35,0.76,2.1714,29.838942,101.825,33.5133,3.3513,0.341248,5.1e-05,SUCCESS,VALID,2.675,0.35,0.76,2.1714,29.838942,101.825,33.5133,3.3513,0.341248,5.1e-05,2.675
24,2026,0.84,2.14,2.5476,76.901527,262.662,13.0036,1.3004,0.341557,-0.000715,SUCCESS,VALID,2.578,0.84,2.14,2.5476,76.901527,262.662,13.0036,1.3004,0.341557,-0.000715,2.578
25,2026,1.04,0.46,0.4423,39.934671,136.316,25.0409,2.5041,0.341348,-7.3e-05,SUCCESS,VALID,2.737,1.04,0.46,0.4423,39.934671,136.316,25.0409,2.5041,0.341348,-7.3e-05,2.737
26,2026,0.3,2.74,9.1333,46.923793,159.157,21.3112,2.1311,0.339182,0.003539,SUCCESS,VALID,2.605,0.3,2.74,9.1333,46.923793,159.157,21.3112,2.1311,0.339182,0.003539,2.605
27,2026,0.12,1.41,11.75,20.797379,69.869,48.083,4.8083,0.335949,0.003967,SUCCESS,VALID,3.898,0.12,1.41,11.75,20.797379,69.869,48.083,4.8083,0.335949,0.003967,3.898
28,2026,0.17,1.91,11.2353,28.930225,97.394,34.5659,3.4566,0.336652,0.004793,SUCCESS,VALID,2.62,0.17,1.91,11.2353,28.930225,97.394,34.5659,3.4566,0.336652,0.004793,2.62
29,2026,1.2,1.43,1.1917,77.234628,262.792,12.9476,1.2948,0.340251,0.002879,SUCCESS,VALID,2.78,1.2,1.43,1.1917,77.234628,262.792,12.9476,1.2948,0.340251,0.002879,2.78
30,2026,0.52,1.93,3.7115,56.03168,191.756,17.847,1.7847,0.342228,-0.001862,SUCCESS,VALID,3.128,0.52,1.93,3.7115,56.03168,191.756,17.847,1.7847,0.342228,-0.001862,3.128
31,2026,0.85,1.77,2.0824,71.10853,242.605,14.063,1.4063,0.341176,0.000306,SUCCESS,VALID,2.531,0.85,1.77,2.0824,71.10853,242.605,14.063,1.4063,0.341176,0.000306,2.531
32,2026,0.75,0.49,0.6533,35.560405,121.147,28.1212,2.8121,0.340678,0.000784,SUCCESS,VALID,2.643,0.75,0.49,0.6533,35.560405,121.147,28.1212,2.8121,0.340678,0.000784,2.643
33,2026,1.2,1.87,1.5583,87.825155,299.167,11.3863,1.1386,0.340639,0.002059,SUCCESS,VALID,2.473,1.2,1.87,1.5583,87.825155,299.167,11.3863,1.1386,0.340639,0.002059,2.473
34,2026,0.37,2.57,6.9459,51.751867,176.518,19.323,1.9323,0.341086,0.000388,SUCCESS,VALID,2.682,0.37,2.57,6.9459,51.751867,176.518,19.323,1.9323,0.341086,0.000388,2.682
35,2026,0.3,1.11,3.7,32.283229,110.565,30.9758,3.0976,0.342483,-0.001367,SUCCESS,VALID,2.687,0.3,1.11,3.7,32.283229,110.565,30.9758,3.0976,0.342483,-0.001367,2.687
36,2026,0.7,1.18,1.6857,53.14919,181.023,18.815,1.8815,0.340595,0.00133,SUCCESS,VALID,2.646,0.7,1.18,1.6857,53.14919,181.023,18.815,1.8815,0.340595,0.00133,2.646
37,2026,0.67,1.44,2.1493,56.856645,194.064,17.5881,1.7588,0.341321,-5e-05,SUCCESS,VALID,2.533,0.67,1.44,2.1493,56.856645,194.064,17.5881,1.7588,0.341321,-5e-05,2.533
38,2026,0.41,2.05,5.0,50.074501,171.454,19.9702,1.997,0.342398,-0.001969,SUCCESS,VALID,2.664,0.41,2.05,5.0,50.074501,171.454,19.9702,1.997,0.342398,-0.001969,2.664
39,2026,0.24,0.67,2.7917,22.873284,78.278,43.7191,4.3719,0.342223,-0.000756,SUCCESS,VALID,2.533,0.24,0.67,2.7917,22.873284,78.278,43.7191,4.3719,0.342223,-0.000756,2.533
40,2026,1.0,2.16,2.16,85.05142,290.304,11.7576,1.1758,0.341328,-9.7e-05,SUCCESS,VALID,2.804,1.0,2.16,2.16,85.05142,290.304,11.7576,1.1758,0.341328,-9.7e-05,2.804
41,2026,0.42,2.43,5.7857,54.493284,186.313,18.3509,1.8351,0.341901,-0.001175,SUCCESS,VALID,2.616,0.42,2.43,5.7857,54.493284,186.313,18.3509,1.8351,0.341901,-0.001175,2.616
42,2026,0.92,2.58,2.8043,87.854434,300.268,11.3825,1.1382,0.341779,-0.001513,SUCCESS,VALID,2.694,0.92,2.58,2.8043,87.854434,300.268,11.3825,1.1382,0.341779,-0.001513,2.694
43,2026,0.43,0.67,1.5581,31.468971,107.177,31.7773,3.1777,0.340581,0.000803,SUCCESS,VALID,2.652,0.43,0.67,1.5581,31.468971,107.177,31.7773,3.1777,0.340581,0.000803,2.652
44,2026,0.37,2.34,6.3243,49.798629,170.01,20.0809,2.0081,0.341396,-0.000176,SUCCESS,VALID,2.813,0.37,2.34,6.3243,49.798629,170.01,20.0809,2.0081,0.341396,-0.000176,2.813
45,2026,1.04,0.48,0.4615,40.881867,139.555,24.4607,2.4461,0.341362,-9.5e-05,SUCCESS,VALID,2.603,1.04,0.48,0.4615,40.881867,139.555,24.4607,2.4461,0.341362,-9.5e-05,2.603
46,2026,0.77,2.71,3.5195,81.111723,277.607,12.3287,1.2329,0.342253,-0.002768,SUCCESS,VALID,2.638,0.77,2.71,3.5195,81.111723,277.607,12.3287,1.2329,0.342253,-0.002768,2.638
47,2026,0.89,0.39,0.4382,33.99934,116.083,29.4123,2.9412,0.341428,-0.000159,SUCCESS,VALID,2.641,0.89,0.39,0.4382,33.99934,116.083,29.4123,2.9412,0.341428,-0.000159,2.641
48,2026,0.77,2.73,3.5455,81.366878,278.554,12.29,1.229,0.342343,-0.003039,SUCCESS,VALID,2.584,0.77,2.73,3.5455,81.366878,278.554,12.29,1.229,0.342343,-0.003039,2.584
49,2026,1.12,1.81,1.6161,83.380957,283.973,11.9931,1.1993,0.340573,0.00215,SUCCESS,VALID,2.592,1.12,1.81,1.6161,83.380957,283.973,11.9931,1.1993,0.340573,0.00215,2.592
50,2026,1.08,0.76,0.7037,53.247863,181.29,18.7801,1.878,0.340465,0.00158,SUCCESS,VALID,2.835,1.08,0.76,0.7037,53.247863,181.29,18.7801,1.878,0.340465,0.00158,2.835
51,2026,1.13,1.02,0.9027,63.34248,215.45,15.7872,1.5787,0.340135,0.002623,SUCCESS,VALID,2.533,1.13,1.02,0.9027,63.34248,215.45,15.7872,1.5787,0.340135,0.002623,2.533
52,2026,1.13,1.35,1.1947,72.819298,247.769,13.7326,1.3733,0.340252,0.002713,SUCCESS,VALID,2.557,1.13,1.35,1.1947,72.819298,247.769,13.7326,1.3733,0.340252,0.002713,2.557
53,2026,0.47,1.88,4.0,52.276794,179.009,19.1289,1.9129,0.342425,-0.002105,SUCCESS,VALID,2.485,0.47,1.88,4.0,52.276794,179.009,19.1289,1.9129,0.342425,-0.002105,2.485
54,2026,0.81,1.94,2.3951,72.152598,246.529,13.8595,1.386,0.341678,-0.000981,SUCCESS,VALID,2.701,0.81,1.94,2.3951,72.152598,246.529,13.8595,1.386,0.341678,-0.000981,2.701
55,2026,0.76,1.44,1.8947,60.904076,207.769,16.4193,1.6419,0.341141,0.000336,SUCCESS,VALID,2.476,0.76,1.44,1.8947,60.904076,207.769,16.4193,1.6419,0.341141,0.000336,2.476
56,2026,1.11,2.01,1.8108,87.119393,296.903,11.4785,1.1479,0.3408,0.001543,SUCCESS,VALID,2.743,1.11,2.01,1.8108,87.119393,296.903,11.4785,1.1479,0.3408,0.001543,2.743
57,2026,0.58,2.05,3.5345,61.208374,209.481,16.3376,1.6338,0.342242,-0.002066,SUCCESS,VALID,2.636,0.58,2.05,3.5345,61.208374,209.481,16.3376,1.6338,0.342242,-0.002066,2.636
58,2026,1.14,0.38,0.3333,37.370194,127.82,26.7593,2.6759,0.342038,-0.000989,SUCCESS,VALID,2.799,1.14,0.38,0.3333,37.370194,127.82,26.7593,2.6759,0.342038,-0.000989,2.799
59,2026,0.55,0.64,1.1636,34.989827,119.044,28.5797,2.858,0.340225,0.001337,SUCCESS,VALID,2.531,0.55,0.64,1.1636,34.989827,119.044,28.5797,2.858,0.340225,0.001337,2.531
60,2026,1.13,2.02,1.7876,88.163207,300.574,11.3426,1.1343,0.340929,0.001157,SUCCESS,VALID,2.808,1.13,2.02,1.7876,88.163207,300.574,11.3426,1.1343,0.340929,0.001157,2.808
61,2026,0.87,1.73,1.9885,71.274041,243.144,14.0304,1.403,0.34114,0.000398,SUCCESS,VALID,2.52,0.87,1.73,1.9885,71.274041,243.144,14.0304,1.403,0.34114,0.000398,2.52
62,2026,0.19,2.66,14.0,35.368852,117.651,28.2735,2.8273,0.332639,0.010923,SUCCESS,VALID,2.796,0.19,2.66,14.0,35.368852,117.651,28.2735,2.8273,0.332639,0.010923,2.796
63,2026,1.08,2.42,2.2407,93.383269,318.899,10.7086,1.0709,0.341495,-0.000661,SUCCESS,VALID,2.502,1.08,2.42,2.2407,93.383269,318.899,10.7086,1.0709,0.341495,-0.000661,2.502
64,2026,0.39,1.11,2.8462,37.484233,128.163,26.6779,2.6678,0.341911,-0.000822,SUCCESS,VALID,2.805,0.39,1.11,2.8462,37.484233,128.163,26.6779,2.6678,0.341911,-0.000822,2.805
65,2026,0.62,2.76,4.4516,72.13661,246.889,13.8626,1.3863,0.342252,-0.002459,SUCCESS,VALID,2.516,0.62,2.76,4.4516,72.13661,246.889,13.8626,1.3863,0.342252,-0.002459,2.516
66,2026,0.32,1.48,4.625,37.832284,129.456,26.4325,2.6432,0.342185,-0.001199,SUCCESS,VALID,2.675,0.32,1.48,4.625,37.832284,129.456,26.4325,2.6432,0.342185,-0.001199,2.675
67,2026,0.96,2.25,2.3438,84.693015,289.286,11.8073,1.1807,0.341571,-0.000829,SUCCESS,VALID,2.496,0.96,2.25,2.3438,84.693015,289.286,11.8073,1.1807,0.341571,-0.000829,2.496
68,2026,0.74,1.5,2.027,61.155134,208.547,16.3519,1.6352,0.341014,0.000616,SUCCESS,VALID,2.648,0.74,1.5,2.027,61.155134,208.547,16.3519,1.6352,0.341014,0.000616,2.648
69,2026,0.85,1.0,1.1765,54.366099,184.924,18.3938,1.8394,0.340146,0.002231,SUCCESS,VALID,2.566,0.85,1.0,1.1765,54.366099,184.924,18.3938,1.8394,0.340146,0.002231,2.566
70,2026,0.32,0.97,3.0312,31.610759,108.011,31.6348,3.1635,0.341691,-0.000445,SUCCESS,VALID,2.826,0.32,0.97,3.0312,31.610759,108.011,31.6348,3.1635,0.341691,-0.000445,2.826
71,2026,0.85,1.0,1.1765,54.366099,184.924,18.3938,1.8394,0.340146,0.002231,SUCCESS,VALID,2.514,0.85,1.0,1.1765,54.366099,184.924,18.3938,1.8394,0.340146,0.002231,2.514
72,2026,0.37,0.66,1.7838,28.839174,98.294,34.6751,3.4675,0.340834,0.000475,SUCCESS,VALID,2.622,0.37,0.66,1.7838,28.839174,98.294,34.6751,3.4675,0.340834,0.000475,2.622
73,2026,1.02,0.72,0.7059,50.371133,171.443,19.8526,1.9853,0.34036,0.001683,SUCCESS,VALID,2.577,1.02,0.72,0.7059,50.371133,171.443,19.8526,1.9853,0.34036,0.001683,2.577
74,2026,0.77,2.36,3.0649,76.42823,261.404,13.0842,1.3084,0.342025,-0.001987,SUCCESS,VALID,2.607,0.77,2.36,3.0649,76.42823,261.404,13.0842,1.3084,0.342025,-0.001987,2.607
75,2026,0.82,1.87,2.2805,71.462989,244.035,13.9933,1.3993,0.341484,-0.000479,SUCCESS,VALID,2.652,0.82,1.87,2.2805,71.462989,244.035,13.9933,1.3993,0.341484,-0.000479,2.652
76,2026,1.01,0.67,0.6634,48.274981,164.413,20.7147,2.0715,0.340575,0.001242,SUCCESS,VALID,2.673,1.01,0.67,0.6634,48.274981,164.413,20.7147,2.0715,0.340575,0.001242,2.673
77,2026,1.18,0.54,0.4576,46.168622,157.582,21.6597,2.166,0.341318,-3.6e-05,SUCCESS,VALID,2.716,1.18,0.54,0.4576,46.168622,157.582,21.6597,2.166,0.341318,-3.6e-05,2.716
78,2026,0.9,2.18,2.4222,80.572451,275.276,12.4112,1.2411,0.34165,-0.001018,SUCCESS,VALID,2.968,0.9,2.18,2.4222,80.572451,275.276,12.4112,1.2411,0.34165,-0.001018,2.968
79,2026,0.93,1.59,1.7097,71.077177,242.15,14.0692,1.4069,0.340685,0.001549,SUCCESS,VALID,2.584,0.93,1.59,1.7097,71.077177,242.15,14.0692,1.4069,0.340685,0.001549,2.584
80,2026,1.13,0.53,0.469,44.814053,152.939,22.3144,2.2314,0.341275,3.5e-05,SUCCESS,VALID,2.741,1.13,0.53,0.469,44.814053,152.939,22.3144,2.2314,0.341275,3.5e-05,2.741
81,2026,0.31,0.56,1.8065,24.303729,82.858,41.1459,4.1146,0.340926,0.000321,SUCCESS,VALID,2.583,0.31,0.56,1.8065,24.303729,82.858,41.1459,4.1146,0.340926,0.000321,2.583
82,2026,0.57,2.72,4.7719,68.274656,233.694,14.6467,1.4647,0.342286,-0.002409,SUCCESS,VALID,2.712,0.57,2.72,4.7719,68.274656,233.694,14.6467,1.4647,0.342286,-0.002409,2.712
83,2026,0.9,1.07,1.1889,57.860124,196.93,17.2831,1.7283,0.340356,0.001942,SUCCESS,VALID,2.604,0.9,1.07,1.1889,57.860124,196.93,17.2831,1.7283,0.340356,0.001942,2.604
84,2026,1.05,0.61,0.581,46.767746,159.389,21.3823,2.1382,0.34081,0.000811,SUCCESS,VALID,2.706,1.05,0.61,0.581,46.767746,159.389,21.3823,2.1382,0.34081,0.000811,2.706
85,2026,1.06,1.64,1.5472,77.317024,263.284,12.9338,1.2934,0.340526,0.002125,SUCCESS,VALID,2.726,1.06,1.64,1.5472,77.317024,263.284,12.9338,1.2934,0.340526,0.002125,2.726
86,2026,0.49,1.99,4.0612,54.852132,187.907,18.2308,1.8231,0.34257,-0.002492,SUCCESS,VALID,2.648,0.49,1.99,4.0612,54.852132,187.907,18.2308,1.8231,0.34257,-0.002492,2.648
87,2026,1.18,0.65,0.5508,51.075571,174.105,19.5788,1.9579,0.340877,0.000764,SUCCESS,VALID,2.578,1.18,0.65,0.5508,51.075571,174.105,19.5788,1.9579,0.340877,0.000764,2.578
88,2026,0.44,2.5,5.6818,56.662663,193.81,17.6483,1.7648,0.342042,-0.001508,SUCCESS,VALID,2.83,0.44,2.5,5.6818,56.662663,193.81,17.6483,1.7648,0.342042,-0.001508,2.83
89,2026,1.06,2.01,1.8962,84.975566,289.742,11.7681,1.1768,0.340971,0.000986,SUCCESS,VALID,2.552,1.06,2.01,1.8962,84.975566,289.742,11.7681,1.1768,0.340971,0.000986,2.552
90,2026,1.17,0.63,0.5385,50.024596,170.561,19.9902,1.999,0.340954,0.000611,SUCCESS,VALID,2.921,1.17,0.63,0.5385,50.024596,170.561,19.9902,1.999,0.340954,0.000611,2.921
91,2026,0.32,0.96,3.0,31.468999,107.635,31.7773,3.1777,0.342035,-0.000829,SUCCESS,VALID,2.544,0.32,0.96,3.0,31.468999,107.635,31.7773,3.1777,0.342035,-0.000829,2.544
92,2026,0.23,2.28,9.913,37.195388,125.662,26.8851,2.6885,0.337842,0.004583,SUCCESS,VALID,2.594,0.23,2.28,9.913,37.195388,125.662,26.8851,2.6885,0.337842,0.004583,2.594
93,2026,1.19,0.5,0.4202,44.414341,151.691,22.5152,2.2515,0.341537,-0.000381,SUCCESS,VALID,2.558,1.19,0.5,0.4202,44.414341,151.691,22.5152,2.2515,0.341537,-0.000381,2.558
94,2026,0.12,0.87,7.25,17.081419,58.262,58.5431,5.8543,0.341083,0.00013,SUCCESS,VALID,2.737,0.12,0.87,7.25,17.081419,58.262,58.5431,5.8543,0.341083,0.00013,2.737
95,2026,1.19,1.91,1.605,88.308675,300.898,11.3239,1.1324,0.340734,0.001771,SUCCESS,VALID,2.557,1.19,1.91,1.605,88.308675,300.898,11.3239,1.1324,0.340734,0.001771,2.557
96,2026,1.04,0.78,0.75,53.00876,180.429,18.8648,1.8865,0.340375,0.001742,SUCCESS,VALID,3.428,1.04,0.78,0.75,53.00876,180.429,18.8648,1.8865,0.340375,0.001742,3.428
97,2026,0.24,0.3,1.25,15.810236,53.856,63.2502,6.325,0.340637,0.000372,SUCCESS,VALID,4.546,0.24,0.3,1.25,15.810236,53.856,63.2502,6.325,0.340637,0.000372,4.546
98,2026,1.15,1.48,1.287,76.832504,261.426,13.0153,1.3015,0.340254,0.002857,SUCCESS,VALID,2.689,1.15,1.48,1.287,76.832504,261.426,13.0153,1.3015,0.340254,0.002857,2.689
99,2026,0.19,0.75,3.9474,21.015167,71.923,47.5847,4.7585,0.342242,-0.000709,SUCCESS,VALID,3.549,0.19,0.75,3.9474,21.015167,71.923,47.5847,4.7585,0.342242,-0.000709,3.549
100,2026,0.35,0.31,0.8857,19.431593,66.16,51.4626,5.1463,0.340479,0.000566,SUCCESS,VALID,2.88,0.35,0.31,0.8857,19.431593,66.16,51.4626,5.1463,0.340479,0.000566,2.88
